{
    "rmse": 0.8048179749933464,
    "mae": 0.6576112097332765,
    "r2": 0.0088352482533689
}